Final_Hap_ID	Total_n	Original_Names	acc_versioned	species_name	ncbi_doi	ncbi_journal	ncbi_country	ncbi_paper_title
Hap_1	1	JX458985.1/53-675 Pseudodiaptomus annandalei cytochrome oxidase subunit I (COI) gene, partial cds; mitochondrial	JX458985.1	Pseudodiaptomus annandalei	No DOI	Unpublished	Unknown	Post-embryonic development and genetic analysis of a brackish-water calanoid copepod, Pseudodiaptomus annandalei, reared in a laboratory
Hap_2	1	AF536519.1/36-658 Pseudodiaptomus nihonkaiensis cytochrome oxidase subunit I (COI) gene, partial cds; mitochondrial gene for mitochondrial product	AF536519.1	Pseudodiaptomus nihonkaiensis	No DOI	Zool. Sci. 24 (3), 265-271 (2007)	Unknown	Genetic identification and molecular phylogeny of Pseudodiaptomus species (Calanoida, Pseudodiaptomidae) in Korean waters
Hap_3	1	KT208716.1/36-658 Pseudodiaptomus marinus voucher MT08959 cytochrome oxidase subunit 1 (COI) gene, partial cds; mitochondrial	KT208716.1	Pseudodiaptomus marinus	10.1371/journal.pone.0139421	PLoS ONE 10 (9), E0139421 (2015)	North Sea	The Application of DNA Barcodes for the Identification of Marine Crustaceans from the North Sea and Adjacent Regions
Hap_4	1	KT209405.1/36-658 Pseudodiaptomus marinus voucher MT08960 cytochrome oxidase subunit 1 (COI) gene, partial cds; mitochondrial	KT209405.1	Pseudodiaptomus marinus	10.1371/journal.pone.0139421	PLoS ONE 10 (9), E0139421 (2015)	North Sea	The Application of DNA Barcodes for the Identification of Marine Crustaceans from the North Sea and Adjacent Regions
Hap_5	1	MG448720.1/36-658 Pseudodiaptomus marshi voucher BACAZ-012 cytochrome oxidase subunit 1 (COI) gene, partial cds; mitochondrial	MG448720.1	Pseudodiaptomus marshi	10.1002/ece3.3742	Ecol Evol 8 (5), 3002-3018 (2018)	Mexico	Improved protocols to accelerate the assembly of DNA barcode reference libraries for freshwater zooplankton
Hap_6	1	MG448774.1/36-658 Pseudodiaptomus marshi voucher BACAZ-142 cytochrome oxidase subunit 1 (COI) gene, partial cds; mitochondrial	MG448774.1	Pseudodiaptomus marshi	10.1002/ece3.3742	Ecol Evol 8 (5), 3002-3018 (2018)	Mexico	Improved protocols to accelerate the assembly of DNA barcode reference libraries for freshwater zooplankton
Hap_7	1	MG448887.1/36-658 Pseudodiaptomus marshi voucher BACAZ-124 cytochrome oxidase subunit 1 (COI) gene, partial cds; mitochondrial	MG448887.1	Pseudodiaptomus marshi	10.1002/ece3.3742	Ecol Evol 8 (5), 3002-3018 (2018)	Mexico	Improved protocols to accelerate the assembly of DNA barcode reference libraries for freshwater zooplankton
Hap_8	1	MG448944.1/36-658 Pseudodiaptomus marshi voucher CCDB29626-E06 cytochrome oxidase subunit 1 (COI) gene, partial cds; mitochondrial	MG448944.1	Pseudodiaptomus marshi	10.1002/ece3.3742	Ecol Evol 8 (5), 3002-3018 (2018)	Mexico	Improved protocols to accelerate the assembly of DNA barcode reference libraries for freshwater zooplankton
Hap_9	1	MG448979.1/36-658 Pseudodiaptomus marshi voucher BIOUG28612-E10 cytochrome oxidase subunit 1 (COI) gene, partial cds; mitochondrial	MG448979.1	Pseudodiaptomus marshi	10.1002/ece3.3742	Ecol Evol 8 (5), 3002-3018 (2018)	Mexico	Improved protocols to accelerate the assembly of DNA barcode reference libraries for freshwater zooplankton
Hap_10	3	MG449008.1/36-658 Pseudodiaptomus marshi voucher BACAZ-160 cytochrome oxidase subunit 1 (COI) gene, partial cds; mitochondrial; MG450194.1/36-658 Pseudodiaptomus marshi voucher BACAZ-021 cytochrome oxidase subunit 1 (COI) gene, partial cds; mitochondrial; MG450298.1/36-658 Pseudodiaptomus marshi voucher CCDB29626-C09 cytochrome oxidase subunit 1 (COI) gene, partial cds; mitochondrial	MG449008.1	Pseudodiaptomus marshi	10.1002/ece3.3742	Ecol Evol 8 (5), 3002-3018 (2018)	Mexico	Improved protocols to accelerate the assembly of DNA barcode reference libraries for freshwater zooplankton
Hap_11	1	MG449037.1/36-658 Pseudodiaptomus marshi voucher BACAZ-060 cytochrome oxidase subunit 1 (COI) gene, partial cds; mitochondrial	MG449037.1	Pseudodiaptomus marshi	10.1002/ece3.3742	Ecol Evol 8 (5), 3002-3018 (2018)	Mexico	Improved protocols to accelerate the assembly of DNA barcode reference libraries for freshwater zooplankton
Hap_12	2	MG449041.1/36-658 Pseudodiaptomus marshi voucher BIOUG30062-C03 cytochrome oxidase subunit 1 (COI) gene, partial cds; mitochondrial; MG449387.1/36-658 Pseudodiaptomus marshi voucher CCDB29626-A08 cytochrome oxidase subunit 1 (COI) gene, partial cds; mitochondrial	MG449041.1	Pseudodiaptomus marshi	10.1002/ece3.3742	Ecol Evol 8 (5), 3002-3018 (2018)	Mexico	Improved protocols to accelerate the assembly of DNA barcode reference libraries for freshwater zooplankton
Hap_13	1	MG449083.1/36-658 Pseudodiaptomus marshi voucher BACAZ-121 cytochrome oxidase subunit 1 (COI) gene, partial cds; mitochondrial	MG449083.1	Pseudodiaptomus marshi	10.1002/ece3.3742	Ecol Evol 8 (5), 3002-3018 (2018)	Mexico	Improved protocols to accelerate the assembly of DNA barcode reference libraries for freshwater zooplankton
Hap_14	1	MG449121.1/36-658 Pseudodiaptomus marshi voucher BIOUG28612-E11 cytochrome oxidase subunit 1 (COI) gene, partial cds; mitochondrial	MG449121.1	Pseudodiaptomus marshi	10.1002/ece3.3742	Ecol Evol 8 (5), 3002-3018 (2018)	Mexico	Improved protocols to accelerate the assembly of DNA barcode reference libraries for freshwater zooplankton
Hap_15	1	MG449139.1/36-658 Pseudodiaptomus marshi voucher BIOUG28612-F01 cytochrome oxidase subunit 1 (COI) gene, partial cds; mitochondrial	MG449139.1	Pseudodiaptomus marshi	10.1002/ece3.3742	Ecol Evol 8 (5), 3002-3018 (2018)	Mexico	Improved protocols to accelerate the assembly of DNA barcode reference libraries for freshwater zooplankton
Hap_16	1	MG449202.1/36-658 Pseudodiaptomus marshi voucher BIOUG30215-D02 cytochrome oxidase subunit 1 (COI) gene, partial cds; mitochondrial	MG449202.1	Pseudodiaptomus marshi	10.1002/ece3.3742	Ecol Evol 8 (5), 3002-3018 (2018)	Mexico	Improved protocols to accelerate the assembly of DNA barcode reference libraries for freshwater zooplankton
Hap_17	3	MG449366.1/36-658 Pseudodiaptomus marshi voucher BACAZ-123 cytochrome oxidase subunit 1 (COI) gene, partial cds; mitochondrial; MG449770.1/36-658 Pseudodiaptomus marshi voucher CH-659-E11 cytochrome oxidase subunit 1 (COI) gene, partial cds; mitochondrial; MG448614.1/36-636 Pseudodiaptomus marshi voucher BACAZ-078 cytochrome oxidase subunit 1 (COI) gene, partial cds; mitochondrial	MG449366.1	Pseudodiaptomus marshi	10.1002/ece3.3742	Ecol Evol 8 (5), 3002-3018 (2018)	Mexico	Improved protocols to accelerate the assembly of DNA barcode reference libraries for freshwater zooplankton
Hap_18	1	MG449378.1/36-658 Pseudodiaptomus marshi voucher BACAZ-122 cytochrome oxidase subunit 1 (COI) gene, partial cds; mitochondrial	MG449378.1	Pseudodiaptomus marshi	10.1002/ece3.3742	Ecol Evol 8 (5), 3002-3018 (2018)	Mexico	Improved protocols to accelerate the assembly of DNA barcode reference libraries for freshwater zooplankton
Hap_19	1	MG449417.1/36-658 Pseudodiaptomus marshi voucher BIOUG28612-F02 cytochrome oxidase subunit 1 (COI) gene, partial cds; mitochondrial	MG449417.1	Pseudodiaptomus marshi	10.1002/ece3.3742	Ecol Evol 8 (5), 3002-3018 (2018)	Mexico	Improved protocols to accelerate the assembly of DNA barcode reference libraries for freshwater zooplankton
Hap_20	1	MG449435.1/36-658 Pseudodiaptomus marshi voucher BACAZ-057 cytochrome oxidase subunit 1 (COI) gene, partial cds; mitochondrial	MG449435.1	Pseudodiaptomus marshi	10.1002/ece3.3742	Ecol Evol 8 (5), 3002-3018 (2018)	Mexico	Improved protocols to accelerate the assembly of DNA barcode reference libraries for freshwater zooplankton
Hap_21	1	MG449486.1/36-658 Pseudodiaptomus marshi voucher BIOUG27652-G09 cytochrome oxidase subunit 1 (COI) gene, partial cds; mitochondrial	MG449486.1	Pseudodiaptomus marshi	10.1002/ece3.3742	Ecol Evol 8 (5), 3002-3018 (2018)	Mexico	Improved protocols to accelerate the assembly of DNA barcode reference libraries for freshwater zooplankton
Hap_22	1	MG449895.1/36-658 Pseudodiaptomus marshi voucher CCDB29626-E11 cytochrome oxidase subunit 1 (COI) gene, partial cds; mitochondrial	MG449895.1	Pseudodiaptomus marshi	10.1002/ece3.3742	Ecol Evol 8 (5), 3002-3018 (2018)	Mexico	Improved protocols to accelerate the assembly of DNA barcode reference libraries for freshwater zooplankton
Hap_23	1	MG449989.1/36-658 Pseudodiaptomus marshi voucher BIOUG27652-G08 cytochrome oxidase subunit 1 (COI) gene, partial cds; mitochondrial	MG449989.1	Pseudodiaptomus marshi	10.1002/ece3.3742	Ecol Evol 8 (5), 3002-3018 (2018)	Mexico	Improved protocols to accelerate the assembly of DNA barcode reference libraries for freshwater zooplankton
Hap_24	1	MG450036.1/36-658 Pseudodiaptomus marshi voucher BACAZ-003 cytochrome oxidase subunit 1 (COI) gene, partial cds; mitochondrial	MG450036.1	Pseudodiaptomus marshi	10.1002/ece3.3742	Ecol Evol 8 (5), 3002-3018 (2018)	Mexico	Improved protocols to accelerate the assembly of DNA barcode reference libraries for freshwater zooplankton
Hap_25	1	MG450054.1/36-658 Pseudodiaptomus marshi voucher BACAZ-079 cytochrome oxidase subunit 1 (COI) gene, partial cds; mitochondrial	MG450054.1	Pseudodiaptomus marshi	10.1002/ece3.3742	Ecol Evol 8 (5), 3002-3018 (2018)	Mexico	Improved protocols to accelerate the assembly of DNA barcode reference libraries for freshwater zooplankton
Hap_26	1	MG450091.1/36-658 Pseudodiaptomus marshi voucher CCDB29626-B06 cytochrome oxidase subunit 1 (COI) gene, partial cds; mitochondrial	MG450091.1	Pseudodiaptomus marshi	10.1002/ece3.3742	Ecol Evol 8 (5), 3002-3018 (2018)	Mexico	Improved protocols to accelerate the assembly of DNA barcode reference libraries for freshwater zooplankton
Hap_27	1	MG450166.1/36-658 Pseudodiaptomus marshi voucher CH-659-E12 cytochrome oxidase subunit 1 (COI) gene, partial cds; mitochondrial	MG450166.1	Pseudodiaptomus marshi	10.1002/ece3.3742	Ecol Evol 8 (5), 3002-3018 (2018)	Mexico	Improved protocols to accelerate the assembly of DNA barcode reference libraries for freshwater zooplankton
Hap_28	1	MG450265.1/36-658 Pseudodiaptomus marshi voucher BACAZ-120 cytochrome oxidase subunit 1 (COI) gene, partial cds; mitochondrial	MG450265.1	Pseudodiaptomus marshi	10.1002/ece3.3742	Ecol Evol 8 (5), 3002-3018 (2018)	Mexico	Improved protocols to accelerate the assembly of DNA barcode reference libraries for freshwater zooplankton
Hap_29	1	JX502994.1/33-655 Pseudodiaptomus koreanus isolate CaL1 cytochrome c oxidase subunit I (COI) gene, partial cds; mitochondrial	JX502994.1	Pseudodiaptomus koreanus	No DOI	Unpublished	South Korea	DNA Barcoding of Marine Intertidal Invertebrates in Korea
Hap_30	1	JX502995.1/33-655 Pseudodiaptomus koreanus isolate CaL2 cytochrome c oxidase subunit I (COI) gene, partial cds; mitochondrial	JX502995.1	Pseudodiaptomus koreanus	No DOI	Unpublished	South Korea	DNA Barcoding of Marine Intertidal Invertebrates in Korea
Hap_31	1	JX502996.1/33-655 Pseudodiaptomus koreanus isolate CaL3 cytochrome c oxidase subunit I (COI) gene, partial cds; mitochondrial	JX502996.1	Pseudodiaptomus koreanus	No DOI	Unpublished	South Korea	DNA Barcoding of Marine Intertidal Invertebrates in Korea
Hap_32	1	KU613358.1/17-639 Pseudodiaptomus annandalei cytochrome oxidase subunit I (COI) gene, partial cds; mitochondrial	KU613358.1	Pseudodiaptomus annandalei	No DOI	Unpublished	Unknown	Community structure of zooplankton and its trophic analysis of Vembanad Estuary, India
Hap_33	2	KF977324.1/7-629 Pseudodiaptomus poplesia isolate DNZ134 cytochrome oxidase subunit I (COI) gene, partial cds; mitochondrial; KF977325.1/7-629 Pseudodiaptomus poplesia isolate DNZ135 cytochrome oxidase subunit I (COI) gene, partial cds; mitochondrial	KF977324.1	Pseudodiaptomus poplesia	No DOI	Unpublished	Unknown	DNA barcoding zooplankton of China Seas
Hap_34	3	KU891812.1/8-630 Pseudodiaptomus tollingerae isolate PT1 cytochrome oxidase subunit I (COI) gene, partial cds; mitochondrial; KU891814.1/5-627 Pseudodiaptomus tollingerae isolate PT3 cytochrome oxidase subunit I (COI) gene, partial cds; mitochondrial; KU891813.1/1-618 Pseudodiaptomus tollingerae isolate PT2 cytochrome oxidase subunit I (COI) gene, partial cds; mitochondrial	KU891812.1	Pseudodiaptomus tollingerae	No DOI	Unpublished	Unknown	Systematics and molecular phylogeny of pelagic copepods (crustaceans) from the coastal wetlands of south west coast of India
Hap_35	9	KU198393.1/1-618 Pseudodiaptomus malayalus isolate PB1 cytochrome oxidase subunit I (COI) gene, partial cds; mitochondrial; KU587446.1/1-618 Pseudodiaptomus malayalus isolate PBM5 cytochrome oxidase subunit I (COI) gene, partial cds; mitochondrial; KU587447.1/1-612 Pseudodiaptomus malayalus isolate PBM6 cytochrome oxidase subunit I (COI) gene, partial cds; mitochondrial; KU198394.1/1-621 Pseudodiaptomus malayalus isolate PB2 cytochrome oxidase subunit I (COI) gene, partial cds; mitochondrial; KU891816.1/1-621 Pseudodiaptomus malayalus isolate PB8 cytochrome oxidase subunit I (COI) gene, partial cds; mitochondrial; KU587445.1/1-618 Pseudodiaptomus malayalus isolate PBM4 cytochrome oxidase subunit I (COI) gene, partial cds; mitochondrial; KU587444.1/1-615 Pseudodiaptomus malayalus isolate PBM3 cytochrome oxidase subunit I (COI) gene, partial cds; mitochondrial; KU587442.1/1-615 Pseudodiaptomus malayalus isolate PBM1 cytochrome oxidase subunit I (COI) gene, partial cds; mitochondrial; KU587443.1/1-603 Pseudodiaptomus malayalus isolate PBM2 cytochrome oxidase subunit I (COI) gene, partial cds; mitochondrial	KU198393.1	Pseudodiaptomus malayalus	No DOI	Unpublished	Unknown	Systematics and Molecular Phylogeny of Pelagic Copepods (Crustaceans) from the Coastal Wetlands of South West Coast of India
Hap_36	2	MH480653.1/2-624 Pseudodiaptomus zhengi isolate F_01 cytochrome oxidase subunit I (COI) gene, partial cds; mitochondrial; MH480658.1/2-624 Pseudodiaptomus zhengi isolate M_01 cytochrome oxidase subunit I (COI) gene, partial cds; mitochondrial	MH480653.1	Pseudodiaptomus zhengi	No DOI	Xiamen Da Xue Xue Bao Zi Ran Ke Xue Ban (2018) In press	Unknown	Pseudodiaptomus zhengi sp. nov., One New Species of Copepod from Xiamen Bay (Copepoda: Calanoida: Pseudodiaptomidae)
Hap_37	1	MH480654.1/2-624 Pseudodiaptomus zhengi isolate F_02 cytochrome oxidase subunit I (COI) gene, partial cds; mitochondrial	MH480654.1	Pseudodiaptomus zhengi	No DOI	Xiamen Da Xue Xue Bao Zi Ran Ke Xue Ban (2018) In press	Unknown	Pseudodiaptomus zhengi sp. nov., One New Species of Copepod from Xiamen Bay (Copepoda: Calanoida: Pseudodiaptomidae)
Hap_38	1	MH480655.1/2-624 Pseudodiaptomus zhengi isolate F_03 cytochrome oxidase subunit I (COI) gene, partial cds; mitochondrial	MH480655.1	Pseudodiaptomus zhengi	No DOI	Xiamen Da Xue Xue Bao Zi Ran Ke Xue Ban (2018) In press	Unknown	Pseudodiaptomus zhengi sp. nov., One New Species of Copepod from Xiamen Bay (Copepoda: Calanoida: Pseudodiaptomidae)
Hap_39	2	MH480656.1/2-624 Pseudodiaptomus zhengi isolate F_04 cytochrome oxidase subunit I (COI) gene, partial cds; mitochondrial; MH480659.1/2-624 Pseudodiaptomus zhengi isolate M_02 cytochrome oxidase subunit I (COI) gene, partial cds; mitochondrial	MH480656.1	Pseudodiaptomus zhengi	No DOI	Xiamen Da Xue Xue Bao Zi Ran Ke Xue Ban (2018) In press	Unknown	Pseudodiaptomus zhengi sp. nov., One New Species of Copepod from Xiamen Bay (Copepoda: Calanoida: Pseudodiaptomidae)
Hap_40	1	MH480657.1/2-624 Pseudodiaptomus zhengi isolate F_05 cytochrome oxidase subunit I (COI) gene, partial cds; mitochondrial	MH480657.1	Pseudodiaptomus zhengi	No DOI	Xiamen Da Xue Xue Bao Zi Ran Ke Xue Ban (2018) In press	Unknown	Pseudodiaptomus zhengi sp. nov., One New Species of Copepod from Xiamen Bay (Copepoda: Calanoida: Pseudodiaptomidae)
Hap_41	1	AB576157.1/1-622 Pseudodiaptomus nansei mitochondrial COI gene for cytochrome oxidase subunit I, partial cds	AB576157.1	Pseudodiaptomus nansei	No DOI	Zootaxa 2623, 52-68 (2010)	Japan	A new species of Pseudodiaptomus (Copepoda: Calanoida) from Japan, with notes on the closely related P. inopinus Burckhardt, 1913 from Kyushu Island
Hap_42	1	AB576158.1/4-626 Pseudodiaptomus ishigakiensis mitochondrial COI gene for cytochrome oxidase subunit I, partial cds	AB576158.1	Pseudodiaptomus ishigakiensis	No DOI	Zootaxa 2623, 52-68 (2010)	Japan	A new species of Pseudodiaptomus (Copepoda: Calanoida) from Japan, with notes on the closely related P. inopinus Burckhardt, 1913 from Kyushu Island
Hap_43	1	MG544179.1/1-622 Pseudodiaptomus forbesi isolate SH_f_01 cytochrome oxidase subunit I (COI) gene, partial cds; mitochondrial	MG544179.1	Pseudodiaptomus forbesi	No DOI	Unpublished	Unknown	Long-term Observation Program on the Jiulong River Estuary-Xiamen Bay (JREB)
Hap_44	1	MG544180.1/1-622 Pseudodiaptomus forbesi isolate SH_f_02 cytochrome oxidase subunit I (COI) gene, partial cds; mitochondrial	MG544180.1	Pseudodiaptomus forbesi	No DOI	Unpublished	Unknown	Long-term Observation Program on the Jiulong River Estuary-Xiamen Bay (JREB)
Hap_45	2	MG544181.1/1-622 Pseudodiaptomus forbesi isolate SH_f_03 cytochrome oxidase subunit I (COI) gene, partial cds; mitochondrial; MH548388.1/2-624 Pseudodiaptomus forbesi isolate GZ_f_01 cytochrome oxidase subunit I (COI) gene, partial cds; mitochondrial	MG544181.1	Pseudodiaptomus forbesi	No DOI	Hai Yang Xue Bao 41 (6), 93-102 (2019); Unpublished	Unknown	Long-term Observation Program on the Jiulong River Estuary-Xiamen Bay (JREB)
Hap_46	1	MG544182.1/1-622 Pseudodiaptomus forbesi isolate SH_f_04 cytochrome oxidase subunit I (COI) gene, partial cds; mitochondrial	MG544182.1	Pseudodiaptomus forbesi	No DOI	Unpublished	Unknown	Long-term Observation Program on the Jiulong River Estuary-Xiamen Bay (JREB)
Hap_47	1	MG544183.1/1-622 Pseudodiaptomus forbesi isolate XM_f_01 cytochrome oxidase subunit I (COI) gene, partial cds; mitochondrial	MG544183.1	Pseudodiaptomus forbesi	No DOI	Unpublished	Unknown	Long-term Observation Program on the Jiulong River Estuary-Xiamen Bay (JREB)
Hap_48	1	MG544184.1/1-622 Pseudodiaptomus forbesi isolate XM_f_02 cytochrome oxidase subunit I (COI) gene, partial cds; mitochondrial	MG544184.1	Pseudodiaptomus forbesi	No DOI	Unpublished	Unknown	Long-term Observation Program on the Jiulong River Estuary-Xiamen Bay (JREB)
Hap_49	1	MG544185.1/1-622 Pseudodiaptomus forbesi isolate XM_m_01 cytochrome oxidase subunit I (COI) gene, partial cds; mitochondrial	MG544185.1	Pseudodiaptomus forbesi	No DOI	Unpublished	Unknown	Long-term Observation Program on the Jiulong River Estuary-Xiamen Bay (JREB)
Hap_50	1	MG544186.1/1-622 Pseudodiaptomus forbesi isolate ZZ_f_01 cytochrome oxidase subunit I (COI) gene, partial cds; mitochondrial	MG544186.1	Pseudodiaptomus forbesi	No DOI	Unpublished	Unknown	Long-term Observation Program on the Jiulong River Estuary-Xiamen Bay (JREB)
Hap_51	1	MH548372.1/2-624 Pseudodiaptomus sheni isolate XM_f_01 cytochrome oxidase subunit I (COI) gene, partial cds; mitochondrial	MH548372.1	Pseudodiaptomus sheni	No DOI	Hai Yang Xue Bao 41 (6), 93-102 (2019)	Unknown	Pseudodiaptomus sheni sp.nov., one new species of Pseudodiaptomidae from the Jiulong River Estuary, Fujian
Hap_52	1	MH548373.1/2-624 Pseudodiaptomus sheni isolate XM_f_02 cytochrome oxidase subunit I (COI) gene, partial cds; mitochondrial	MH548373.1	Pseudodiaptomus sheni	No DOI	Hai Yang Xue Bao 41 (6), 93-102 (2019)	Unknown	Pseudodiaptomus sheni sp.nov., one new species of Pseudodiaptomidae from the Jiulong River Estuary, Fujian
Hap_53	1	MH548374.1/2-624 Pseudodiaptomus sheni isolate XM_f_03 cytochrome oxidase subunit I (COI) gene, partial cds; mitochondrial	MH548374.1	Pseudodiaptomus sheni	No DOI	Hai Yang Xue Bao 41 (6), 93-102 (2019)	Unknown	Pseudodiaptomus sheni sp.nov., one new species of Pseudodiaptomidae from the Jiulong River Estuary, Fujian
Hap_54	1	MH548375.1/2-624 Pseudodiaptomus sheni isolate XM_f_04 cytochrome oxidase subunit I (COI) gene, partial cds; mitochondrial	MH548375.1	Pseudodiaptomus sheni	No DOI	Hai Yang Xue Bao 41 (6), 93-102 (2019)	Unknown	Pseudodiaptomus sheni sp.nov., one new species of Pseudodiaptomidae from the Jiulong River Estuary, Fujian
Hap_55	1	MH548376.1/2-624 Pseudodiaptomus sheni isolate XM_mn_01 cytochrome oxidase subunit I (COI) gene, partial cds; mitochondrial	MH548376.1	Pseudodiaptomus sheni	No DOI	Hai Yang Xue Bao 41 (6), 93-102 (2019)	Unknown	Pseudodiaptomus sheni sp.nov., one new species of Pseudodiaptomidae from the Jiulong River Estuary, Fujian
Hap_56	1	MH548377.1/2-624 Pseudodiaptomus sheni isolate XM_mn_02 cytochrome oxidase subunit I (COI) gene, partial cds; mitochondrial	MH548377.1	Pseudodiaptomus sheni	No DOI	Hai Yang Xue Bao 41 (6), 93-102 (2019)	Unknown	Pseudodiaptomus sheni sp.nov., one new species of Pseudodiaptomidae from the Jiulong River Estuary, Fujian
Hap_57	1	MH548378.1/2-624 Pseudodiaptomus sheni isolate XM_mn_03 cytochrome oxidase subunit I (COI) gene, partial cds; mitochondrial	MH548378.1	Pseudodiaptomus sheni	No DOI	Hai Yang Xue Bao 41 (6), 93-102 (2019)	Unknown	Pseudodiaptomus sheni sp.nov., one new species of Pseudodiaptomidae from the Jiulong River Estuary, Fujian
Hap_58	1	MH548379.1/2-624 Pseudodiaptomus sheni isolate XM_mn_04 cytochrome oxidase subunit I (COI) gene, partial cds; mitochondrial	MH548379.1	Pseudodiaptomus sheni	No DOI	Hai Yang Xue Bao 41 (6), 93-102 (2019)	Unknown	Pseudodiaptomus sheni sp.nov., one new species of Pseudodiaptomidae from the Jiulong River Estuary, Fujian
Hap_59	1	MH548380.1/2-624 Pseudodiaptomus sheni isolate XM_ms_01 cytochrome oxidase subunit I (COI) gene, partial cds; mitochondrial	MH548380.1	Pseudodiaptomus sheni	No DOI	Hai Yang Xue Bao 41 (6), 93-102 (2019)	Unknown	Pseudodiaptomus sheni sp.nov., one new species of Pseudodiaptomidae from the Jiulong River Estuary, Fujian
Hap_60	1	MH548381.1/2-624 Pseudodiaptomus sheni isolate XM_ms_02 cytochrome oxidase subunit I (COI) gene, partial cds; mitochondrial	MH548381.1	Pseudodiaptomus sheni	No DOI	Hai Yang Xue Bao 41 (6), 93-102 (2019)	Unknown	Pseudodiaptomus sheni sp.nov., one new species of Pseudodiaptomidae from the Jiulong River Estuary, Fujian
Hap_61	1	MH548382.1/2-624 Pseudodiaptomus sheni isolate GZ_f_01 cytochrome oxidase subunit I (COI) gene, partial cds; mitochondrial	MH548382.1	Pseudodiaptomus sheni	No DOI	Hai Yang Xue Bao 41 (6), 93-102 (2019)	Unknown	Pseudodiaptomus sheni sp.nov., one new species of Pseudodiaptomidae from the Jiulong River Estuary, Fujian
Hap_62	1	MH548383.1/2-624 Pseudodiaptomus poplesia isolate JS_f_01 cytochrome oxidase subunit I (COI) gene, partial cds; mitochondrial	MH548383.1	Pseudodiaptomus poplesia	No DOI	Hai Yang Xue Bao 41 (6), 93-102 (2019)	Unknown	Pseudodiaptomus sheni sp.nov., one new species of Pseudodiaptomidae from the Jiulong River Estuary, Fujian
Hap_63	1	MH548384.1/2-624 Pseudodiaptomus poplesia isolate JS_f_02 cytochrome oxidase subunit I (COI) gene, partial cds; mitochondrial	MH548384.1	Pseudodiaptomus poplesia	No DOI	Hai Yang Xue Bao 41 (6), 93-102 (2019)	Unknown	Pseudodiaptomus sheni sp.nov., one new species of Pseudodiaptomidae from the Jiulong River Estuary, Fujian
Hap_64	1	MH548385.1/2-624 Pseudodiaptomus poplesia isolate SH_f_01 cytochrome oxidase subunit I (COI) gene, partial cds; mitochondrial	MH548385.1	Pseudodiaptomus poplesia	No DOI	Hai Yang Xue Bao 41 (6), 93-102 (2019)	Unknown	Pseudodiaptomus sheni sp.nov., one new species of Pseudodiaptomidae from the Jiulong River Estuary, Fujian
Hap_65	1	MH548386.1/2-624 Pseudodiaptomus poplesia isolate SH_f_02 cytochrome oxidase subunit I (COI) gene, partial cds; mitochondrial	MH548386.1	Pseudodiaptomus poplesia	No DOI	Hai Yang Xue Bao 41 (6), 93-102 (2019)	Unknown	Pseudodiaptomus sheni sp.nov., one new species of Pseudodiaptomidae from the Jiulong River Estuary, Fujian
Hap_66	1	MH548387.1/2-624 Pseudodiaptomus poplesia isolate SH_mn_01 cytochrome oxidase subunit I (COI) gene, partial cds; mitochondrial	MH548387.1	Pseudodiaptomus poplesia	No DOI	Hai Yang Xue Bao 41 (6), 93-102 (2019)	Unknown	Pseudodiaptomus sheni sp.nov., one new species of Pseudodiaptomidae from the Jiulong River Estuary, Fujian
Hap_67	1	MG450070.1/11-633 Pseudodiaptomus marshi voucher CCDB29626-A09 cytochrome oxidase subunit 1 (COI) gene, partial cds; mitochondrial	MG450070.1	Pseudodiaptomus marshi	10.1002/ece3.3742	Ecol Evol 8 (5), 3002-3018 (2018)	Mexico	Improved protocols to accelerate the assembly of DNA barcode reference libraries for freshwater zooplankton
Hap_68	2	AF536520.1/3-625 Pseudodiaptomus inopinus cytochrome oxidase subunit I (COI) gene, partial cds; mitochondrial gene for mitochondrial product; JQ714057.1/2-624 Pseudodiaptomus inopinus voucher CN_Pi_f_MK cytochrome oxidase subunit I (COI) gene, partial cds; mitochondrial	AF536520.1	Pseudodiaptomus inopinus	No DOI	Unpublished; Zool. Sci. 24 (3), 265-271 (2007)	South Korea; Unknown	Genetic identification and molecular phylogeny of Pseudodiaptomus species (Calanoida, Pseudodiaptomidae) in Korean waters
Hap_69	1	AF536521.1/3-625 Pseudodiaptomus poplesia cytochrome oxidase subunit I (COI) gene, partial cds; mitochondrial gene for mitochondrial product	AF536521.1	Pseudodiaptomus poplesia	No DOI	Zool. Sci. 24 (3), 265-271 (2007)	Unknown	Genetic identification and molecular phylogeny of Pseudodiaptomus species (Calanoida, Pseudodiaptomidae) in Korean waters
Hap_70	1	AY145436.1/3-625 Pseudodiaptomus marinus cytochrome oxidase subunit I (COI) gene, partial cds; mitochondrial gene for mitochondrial product	AY145436.1	Pseudodiaptomus marinus	No DOI	Zool. Sci. 24 (3), 265-271 (2007)	Unknown	Genetic identification and molecular phylogeny of Pseudodiaptomus species (Calanoida, Pseudodiaptomidae) in Korean waters
Hap_71	2	DQ243988.1/3-625 Pseudodiaptomus koreanus cytochrome oxidase subunit I (COI) gene, partial cds; mitochondrial; JQ714036.1/2-624 Pseudodiaptomus koreanus voucher CN_Pk_f_SR1 cytochrome oxidase subunit I (COI) gene, partial cds; mitochondrial	DQ243988.1	Pseudodiaptomus koreanus	No DOI	Unpublished; Zool. Sci. 24 (3), 265-271 (2007)	South Korea; Unknown	Genetic identification and molecular phylogeny of Pseudodiaptomus species (Calanoida, Pseudodiaptomidae) in Korean waters
Hap_72	1	AB576159.1/1-611 Pseudodiaptomus cf. inopinus Kyushu mitochondrial COI gene for cytochrome oxidase subunit I, partial cds	AB576159.1	Pseudodiaptomus cf	No DOI	Zootaxa 2623, 52-68 (2010)	Japan	A new species of Pseudodiaptomus (Copepoda: Calanoida) from Japan, with notes on the closely related P. inopinus Burckhardt, 1913 from Kyushu Island
Hap_73	1	JQ714037.1/2-624 Pseudodiaptomus koreanus voucher CN_Pk_f_SR2 cytochrome oxidase subunit I (COI) gene, partial cds; mitochondrial	JQ714037.1	Pseudodiaptomus koreanus	No DOI	Unpublished	South Korea	A new calanoid copepod Pseudodiaptomus koreanus(Pseudodiaptomidae) from Korea, with notes on ribosomal ITS1 and mitochondrial COI gene sequences
Hap_74	1	JQ714038.1/2-624 Pseudodiaptomus koreanus voucher CN_Pk_f_SR3 cytochrome oxidase subunit I (COI) gene, partial cds; mitochondrial	JQ714038.1	Pseudodiaptomus koreanus	No DOI	Unpublished	South Korea	A new calanoid copepod Pseudodiaptomus koreanus(Pseudodiaptomidae) from Korea, with notes on ribosomal ITS1 and mitochondrial COI gene sequences
Hap_75	1	JQ714039.1/2-624 Pseudodiaptomus koreanus voucher CN_Pk_m_ft_SR2 cytochrome oxidase subunit I (COI) gene, partial cds; mitochondrial	JQ714039.1	Pseudodiaptomus koreanus	No DOI	Unpublished	South Korea	A new calanoid copepod Pseudodiaptomus koreanus(Pseudodiaptomidae) from Korea, with notes on ribosomal ITS1 and mitochondrial COI gene sequences
Hap_76	1	JQ714040.1/2-624 Pseudodiaptomus koreanus voucher CN_Pk_m_ft_SR1 cytochrome oxidase subunit I (COI) gene, partial cds; mitochondrial	JQ714040.1	Pseudodiaptomus koreanus	No DOI	Unpublished	South Korea	A new calanoid copepod Pseudodiaptomus koreanus(Pseudodiaptomidae) from Korea, with notes on ribosomal ITS1 and mitochondrial COI gene sequences
Hap_77	1	JQ714041.1/2-624 Pseudodiaptomus koreanus voucher CN_Pk_f_BS cytochrome oxidase subunit I (COI) gene, partial cds; mitochondrial	JQ714041.1	Pseudodiaptomus koreanus	No DOI	Unpublished	South Korea	A new calanoid copepod Pseudodiaptomus koreanus(Pseudodiaptomidae) from Korea, with notes on ribosomal ITS1 and mitochondrial COI gene sequences
Hap_78	1	JQ714042.1/2-624 Pseudodiaptomus koreanus voucher CN_Pk_m_ft_BS2 cytochrome oxidase subunit I (COI) gene, partial cds; mitochondrial	JQ714042.1	Pseudodiaptomus koreanus	No DOI	Unpublished	South Korea	A new calanoid copepod Pseudodiaptomus koreanus(Pseudodiaptomidae) from Korea, with notes on ribosomal ITS1 and mitochondrial COI gene sequences
Hap_79	1	JQ714043.1/2-624 Pseudodiaptomus koreanus voucher CN_Pk_m_ft_BS1 cytochrome oxidase subunit I (COI) gene, partial cds; mitochondrial	JQ714043.1	Pseudodiaptomus koreanus	No DOI	Unpublished	South Korea	A new calanoid copepod Pseudodiaptomus koreanus(Pseudodiaptomidae) from Korea, with notes on ribosomal ITS1 and mitochondrial COI gene sequences
Hap_80	1	JQ714044.1/2-624 Pseudodiaptomus koreanus voucher CN_Pk_m_pt_BS1 cytochrome oxidase subunit I (COI) gene, partial cds; mitochondrial	JQ714044.1	Pseudodiaptomus koreanus	No DOI	Unpublished	South Korea	A new calanoid copepod Pseudodiaptomus koreanus(Pseudodiaptomidae) from Korea, with notes on ribosomal ITS1 and mitochondrial COI gene sequences
Hap_81	1	JQ714045.1/2-624 Pseudodiaptomus koreanus voucher CN_Pk_m_pt_BS2 cytochrome oxidase subunit I (COI) gene, partial cds; mitochondrial	JQ714045.1	Pseudodiaptomus koreanus	No DOI	Unpublished	South Korea	A new calanoid copepod Pseudodiaptomus koreanus(Pseudodiaptomidae) from Korea, with notes on ribosomal ITS1 and mitochondrial COI gene sequences
Hap_82	1	JQ714046.1/2-624 Pseudodiaptomus koreanus voucher CN_Pk_m_pt_BS3 cytochrome oxidase subunit I (COI) gene, partial cds; mitochondrial	JQ714046.1	Pseudodiaptomus koreanus	No DOI	Unpublished	South Korea	A new calanoid copepod Pseudodiaptomus koreanus(Pseudodiaptomidae) from Korea, with notes on ribosomal ITS1 and mitochondrial COI gene sequences
Hap_83	1	JQ714047.1/2-624 Pseudodiaptomus koreanus voucher CN_Pk_m_pt_BS4 cytochrome oxidase subunit I (COI) gene, partial cds; mitochondrial	JQ714047.1	Pseudodiaptomus koreanus	No DOI	Unpublished	South Korea	A new calanoid copepod Pseudodiaptomus koreanus(Pseudodiaptomidae) from Korea, with notes on ribosomal ITS1 and mitochondrial COI gene sequences
Hap_84	1	JQ714048.1/2-624 Pseudodiaptomus koreanus voucher CN_Pk_m_pt_BS5 cytochrome oxidase subunit I (COI) gene, partial cds; mitochondrial	JQ714048.1	Pseudodiaptomus koreanus	No DOI	Unpublished	South Korea	A new calanoid copepod Pseudodiaptomus koreanus(Pseudodiaptomidae) from Korea, with notes on ribosomal ITS1 and mitochondrial COI gene sequences
Hap_85	1	JQ714049.1/2-624 Pseudodiaptomus koreanus voucher CN_Pk_m_pt_BS6 cytochrome oxidase subunit I (COI) gene, partial cds; mitochondrial	JQ714049.1	Pseudodiaptomus koreanus	No DOI	Unpublished	South Korea	A new calanoid copepod Pseudodiaptomus koreanus(Pseudodiaptomidae) from Korea, with notes on ribosomal ITS1 and mitochondrial COI gene sequences
Hap_86	1	JQ714050.1/2-624 Pseudodiaptomus koreanus voucher CN_Pk_m_pt_BS7 cytochrome oxidase subunit I (COI) gene, partial cds; mitochondrial	JQ714050.1	Pseudodiaptomus koreanus	No DOI	Unpublished	South Korea	A new calanoid copepod Pseudodiaptomus koreanus(Pseudodiaptomidae) from Korea, with notes on ribosomal ITS1 and mitochondrial COI gene sequences
Hap_87	1	JQ714051.1/2-624 Pseudodiaptomus koreanus voucher CN_Pk_m_pt_BS8 cytochrome oxidase subunit I (COI) gene, partial cds; mitochondrial	JQ714051.1	Pseudodiaptomus koreanus	No DOI	Unpublished	South Korea	A new calanoid copepod Pseudodiaptomus koreanus(Pseudodiaptomidae) from Korea, with notes on ribosomal ITS1 and mitochondrial COI gene sequences
Hap_88	1	JQ714052.1/2-624 Pseudodiaptomus koreanus voucher CN_Pk_m_pt_BS9 cytochrome oxidase subunit I (COI) gene, partial cds; mitochondrial	JQ714052.1	Pseudodiaptomus koreanus	No DOI	Unpublished	South Korea	A new calanoid copepod Pseudodiaptomus koreanus(Pseudodiaptomidae) from Korea, with notes on ribosomal ITS1 and mitochondrial COI gene sequences
Hap_89	1	JQ714053.1/2-624 Pseudodiaptomus koreanus voucher CN_Pk_m_pt_BS10 cytochrome oxidase subunit I (COI) gene, partial cds; mitochondrial	JQ714053.1	Pseudodiaptomus koreanus	No DOI	Unpublished	South Korea	A new calanoid copepod Pseudodiaptomus koreanus(Pseudodiaptomidae) from Korea, with notes on ribosomal ITS1 and mitochondrial COI gene sequences
Hap_90	1	JQ714054.1/2-624 Pseudodiaptomus koreanus voucher CN_Pk_f_HR cytochrome oxidase subunit I (COI) gene, partial cds; mitochondrial	JQ714054.1	Pseudodiaptomus koreanus	No DOI	Unpublished	South Korea	A new calanoid copepod Pseudodiaptomus koreanus(Pseudodiaptomidae) from Korea, with notes on ribosomal ITS1 and mitochondrial COI gene sequences
Hap_91	1	JQ714055.1/2-624 Pseudodiaptomus inopinus voucher CN_P_f_RR2 cytochrome oxidase subunit I (COI) gene, partial cds; mitochondrial	JQ714055.1	Pseudodiaptomus inopinus	No DOI	Unpublished	Japan	A new calanoid copepod Pseudodiaptomus koreanus(Pseudodiaptomidae) from Korea, with notes on ribosomal ITS1 and mitochondrial COI gene sequences
Hap_92	1	JQ714056.1/2-624 Pseudodiaptomus inopinus voucher CN_P_f_RR1 cytochrome oxidase subunit I (COI) gene, partial cds; mitochondrial	JQ714056.1	Pseudodiaptomus inopinus	No DOI	Unpublished	Japan	A new calanoid copepod Pseudodiaptomus koreanus(Pseudodiaptomidae) from Korea, with notes on ribosomal ITS1 and mitochondrial COI gene sequences
Hap_93	5	KY629000.1/59-639 Pseudodiaptomus binghami isolate PB5 cytochrome oxidase subunit I (COI) gene, partial cds; mitochondrial; KY514167.1/1-603 Pseudodiaptomus binghami isolate PB1 cytochrome oxidase subunit I (COI) gene, partial cds; mitochondrial; KY514168.1/1-603 Pseudodiaptomus binghami isolate PB2 cytochrome oxidase subunit I (COI) gene, partial cds; mitochondrial; KY628998.1/59-618 Pseudodiaptomus binghami isolate PB3 cytochrome oxidase subunit I (COI) gene, partial cds; mitochondrial; KY628999.1/56-615 Pseudodiaptomus binghami isolate PB4 cytochrome oxidase subunit I (COI) gene, partial cds; mitochondrial	KY629000.1	Pseudodiaptomus binghami	10.1080/24701394.2017.1376054; No DOI	Mitochondrial DNA A DNA Mapp Seq Anal, 1-12 (2017) In press; Unpublished	Unknown	Reassessing the species status of Pseudodiaptomus malayalus Wellershaus, 1969 and P. binghami Sewell, 1912 (Calanoida: Pseudodiaptomidae) from India based on morphology and mitochondrial cytochrome oxidase I gene sequences
Hap_94	3	KU672399.1/1-612 Pseudodiaptomus annandalei cytochrome oxidase subunit I (COI) gene, partial cds; mitochondrial; KP068661.1/1-603 Pseudodiaptomus annandalei isolate PA1 cytochrome c oxidase subunit I (COI) gene, partial cds; mitochondrial; KU179279.1/1-555 Pseudodiaptomus annandalei cytochrome oxidase subunit I (COI) gene, partial cds; mitochondrial	KU672399.1	Pseudodiaptomus annandalei	No DOI	Unpublished	India; Unknown	Systematics and Molecular Phylogeny of Pelagic Copepods (Crustaceans) from the Coastal Wetlands of South West Coast of India
Hap_95	3	KU587440.1/1-606 Pseudodiaptomus mertoni isolate PM1 cytochrome oxidase subunit I (COI) gene, partial cds; mitochondrial; KX090446.1/1-570 Pseudodiaptomus mertoni cytochrome oxidase subunit I (COI) gene, partial cds; mitochondrial; KU587441.1/1-534 Pseudodiaptomus mertoni isolate PM2 cytochrome oxidase subunit I (COI) gene, partial cds; mitochondrial	KU587440.1	Pseudodiaptomus mertoni	No DOI	Unpublished	Unknown	Systematics and Molecular Phylogeny of Pelagic Copepods (Crustaceans) from the Coastal Wetlands of South West Coast of India
Hap_96	1	MG448839.1/36-607 Pseudodiaptomus marshi voucher BIOUG28612-E12 cytochrome oxidase subunit 1 (COI) gene, partial cds; mitochondrial	MG448839.1	Pseudodiaptomus marshi	10.1002/ece3.3742	Ecol Evol 8 (5), 3002-3018 (2018)	Mexico	Improved protocols to accelerate the assembly of DNA barcode reference libraries for freshwater zooplankton
Hap_97	1	KT149371.1/1-600 Pseudodiaptomus annandalei isolate PBM1 cytochrome oxidase subunit I (COI) gene, partial cds; mitochondrial	KT149371.1	Pseudodiaptomus annandalei	No DOI	Unpublished	Unknown	Systematics and Molecular Phylogeny of Pelagic Copepods (Crustaceans) from the Coastal Wetlands of South West Coast of India
Hap_98	1	KR048953.1/1-582 Pseudodiaptomus inopinus voucher LEGO-CAL063 cytochrome oxidase subunit I (COI) gene, partial cds; mitochondrial	KR048953.1	Pseudodiaptomus inopinus	No DOI	Unpublished	Unknown	Molecular phylogeny and identification of copepods
Hap_99	1	KR048954.1/1-582 Pseudodiaptomus inopinus voucher LEGO-CAL063-44 cytochrome oxidase subunit I (COI) gene, partial cds; mitochondrial	KR048954.1	Pseudodiaptomus inopinus	No DOI	Unpublished	Unknown	Molecular phylogeny and identification of copepods
Hap_100	1	KR048955.1/1-582 Pseudodiaptomus inopinus voucher LEGO-CAL063-45 cytochrome oxidase subunit I (COI) gene, partial cds; mitochondrial	KR048955.1	Pseudodiaptomus inopinus	No DOI	Unpublished	Unknown	Molecular phylogeny and identification of copepods
Hap_101	1	KR048956.1/1-582 Pseudodiaptomus marinus voucher LEGO-CAL066 cytochrome oxidase subunit I (COI) gene, partial cds; mitochondrial	KR048956.1	Pseudodiaptomus marinus	No DOI	Unpublished	Unknown	Molecular phylogeny and identification of copepods
Hap_102	1	KR048957.1/1-582 Pseudodiaptomus marinus voucher LEGO-CAL066-50 cytochrome oxidase subunit I (COI) gene, partial cds; mitochondrial	KR048957.1	Pseudodiaptomus marinus	No DOI	Unpublished	Unknown	Molecular phylogeny and identification of copepods
Hap_103	1	KR048958.1/1-582 Pseudodiaptomus marinus voucher LEGO-CAL066-51 cytochrome oxidase subunit I (COI) gene, partial cds; mitochondrial	KR048958.1	Pseudodiaptomus marinus	No DOI	Unpublished	Unknown	Molecular phylogeny and identification of copepods
Hap_104	1	KR048959.1/1-582 Pseudodiaptomus nihonkaiensis voucher LEGO-CAL067 cytochrome oxidase subunit I (COI) gene, partial cds; mitochondrial	KR048959.1	Pseudodiaptomus nihonkaiensis	No DOI	Unpublished	Unknown	Molecular phylogeny and identification of copepods
Hap_105	1	KM879190.1/1-572 Pseudodiaptomus marinus isolate AG39_BILBAO cytochrome c oxidase subunit I (COI) gene, partial cds; mitochondrial	KM879190.1	Pseudodiaptomus marinus	No DOI	Unpublished	Unknown	Insights on the origin of invasive copepods colonizing Basque estuaries; a DNA barcoding approach
Hap_106	3	KM879191.1/1-572 Pseudodiaptomus marinus isolate AG40_BILBAO cytochrome c oxidase subunit I (COI) gene, partial cds; mitochondrial; KM879192.1/1-572 Pseudodiaptomus marinus isolate AG41_BILBAO cytochrome c oxidase subunit I (COI) gene, partial cds; mitochondrial; Pseudodiaptomus_marinus_Thessaloniki_Bay_COI__gene_HCO+LCO_consensus/27-638	KM879191.1	Pseudodiaptomus marinus	No DOI	Unpublished	Unknown	Insights on the origin of invasive copepods colonizing Basque estuaries; a DNA barcoding approach
Hap_107	1	KM879193.1/1-572 Pseudodiaptomus marinus isolate AG42_BILBAO cytochrome c oxidase subunit I (COI) gene, partial cds; mitochondrial	KM879193.1	Pseudodiaptomus marinus	No DOI	Unpublished	Unknown	Insights on the origin of invasive copepods colonizing Basque estuaries; a DNA barcoding approach
Hap_108	4	KX100481.1/1-510 Pseudodiaptomus serricaudatus isolate PS1 cytochrome oxidase subunit I (COI) gene, partial cds; mitochondrial; MK359131.1/1-510 Pseudodiaptomus serricaudatus isolate PS2 cytochrome oxidase subunit I (COI) gene, partial cds; mitochondrial; MK359132.1/1-510 Pseudodiaptomus serricaudatus isolate PS3 cytochrome oxidase subunit I (COI) gene, partial cds; mitochondrial; MK359133.1/1-507 Pseudodiaptomus serricaudatus isolate PS4 cytochrome oxidase subunit I (COI) gene, partial cds; mitochondrial	KX100481.1	Pseudodiaptomus serricaudatus	No DOI	Unpublished	Unknown	Systematics and Molecular Phylogeny of Pelagic Copepods (Crustaceans) from the Coastal Wetlands of South West of India
Hap_109	1	MG449508.1/36-511 Pseudodiaptomus marshi voucher BIOUG30062-C07 cytochrome oxidase subunit 1 (COI) gene, partial cds; mitochondrial	MG449508.1	Pseudodiaptomus marshi	10.1002/ece3.3742	Ecol Evol 8 (5), 3002-3018 (2018)	Mexico	Improved protocols to accelerate the assembly of DNA barcode reference libraries for freshwater zooplankton
Hap_110	1	OP830261.1/36-658 Skistodiaptomus reighardi voucher ZOOPS_0018 cytochrome oxidase subunit 1 (COI) gene, partial cds; mitochondrial	OP830261.1	Skistodiaptomus reighardi	No DOI	Unpublished	USA	Great Lakes Zooplankton DNA Barcode Reference Library
