tip_order	original_id	accession	region	scientific_name	origin
1	EU582663.1/41-228	EU582663.1	41-228	NA	NA
2	AY496261.1/42-267	AY496261.1	42-267	NA	NA
3	AY499005.1/29-232	AY499005.1	29-232	NA	NA
4	MN555816.1/45-273	MN555816.1	45-273	NA	NA
5	P_marinus_Torre_N19_seq2/1-229	P_marinus_Torre_N19_seq2	1-229	NA	NA
6	P_marinus_Faro_Z7_seq1/1-229	P_marinus_Faro_Z7_seq1	1-229	NA	NA
7	P_marinus_Faro_Z8/1-229	P_marinus_Faro_Z8	1-229	NA	NA
8	P_marinus_Torre_N20_seq3/1-219	P_marinus_Torre_N20_seq3	1-219	NA	NA
9	P_marinus_Venezia_Z2_seq3/1-220	P_marinus_Venezia_Z2_seq3	1-220	NA	NA
10	P_marinus_Venezia_Z1/1-153	P_marinus_Venezia_Z1	1-153	NA	NA
11	P_marinus_Venezia_Z3_seq3/1-229	P_marinus_Venezia_Z3_seq3	1-229	NA	NA
12	P_marinus_Venezia_Z6_seq3/1-152	P_marinus_Venezia_Z6_seq3	1-152	NA	NA
13	P_marinus_Faro_Z10_seq1/1-229	P_marinus_Faro_Z10_seq1	1-229	NA	NA
14	Pmarinnus_GR_ITS1_/1-203	Pmarinnus_GR_ITS1_	1-203	NA	NA
15	P_marinus_Torre_N18_seq1/1-229	P_marinus_Torre_N18_seq1	1-229	NA	NA
16	P_marinus_Trieste_Z13_seq1/1-200	P_marinus_Trieste_Z13_seq1	1-200	NA	NA
17	AY499007.1/38-163	AY499007.1	38-163	NA	NA
18	AY499006.1/38-162	AY499006.1	38-162	NA	NA
19	AY499003.1/39-163	AY499003.1	39-163	NA	NA
20	AY499004.1/38-161	AY499004.1	38-161	NA	NA
21	AY496260.1/38-162	AY496260.1	38-162	NA	NA
22	LC219928.1/5-129	LC219928.1	5-129	NA	NA
23	LC219931.1/5-129	LC219931.1	5-129	NA	NA
24	LC219934.1/5-129	LC219934.1	5-129	NA	NA
25	LC219929.1/5-129	LC219929.1	5-129	NA	NA
26	LC219933.1/5-129	LC219933.1	5-129	NA	NA
27	LC219932.1/5-129	LC219932.1	5-129	NA	NA
28	LC219935.1/5-129	LC219935.1	5-129	NA	NA
29	AY500279.1/38-159	AY500279.1	38-159	NA	NA
