Final_Hap_ID	species_name	acc_versioned	Total_n	country	tree_label
Hap_1	Pseudodiaptomus annandalei	JX458985.1	1	Taiwan	Pseudodiaptomus annandalei (JX458985.1) [n=1] | Taiwan
Hap_2	Pseudodiaptomus nihonkaiensis	AF536519.1	1	South Korea	Pseudodiaptomus nihonkaiensis (AF536519.1) [n=1] | South Korea
Hap_3	Pseudodiaptomus marinus	KT208716.1	1	North Sea	Pseudodiaptomus marinus (KT208716.1) [n=1] | North Sea
Hap_4	Pseudodiaptomus marinus	KT209405.1	1	North Sea	Pseudodiaptomus marinus (KT209405.1) [n=1] | North Sea
Hap_5	Pseudodiaptomus marshi	MG448720.1	1	Mexico	Pseudodiaptomus marshi (MG448720.1) [n=1] | Mexico
Hap_6	Pseudodiaptomus marshi	MG448774.1	1	Mexico	Pseudodiaptomus marshi (MG448774.1) [n=1] | Mexico
Hap_7	Pseudodiaptomus marshi	MG448887.1	1	Mexico	Pseudodiaptomus marshi (MG448887.1) [n=1] | Mexico
Hap_8	Pseudodiaptomus marshi	MG448944.1	1	Mexico	Pseudodiaptomus marshi (MG448944.1) [n=1] | Mexico
Hap_9	Pseudodiaptomus marshi	MG448979.1	1	Mexico	Pseudodiaptomus marshi (MG448979.1) [n=1] | Mexico
Hap_10	Pseudodiaptomus marshi	MG449008.1	3	Mexico	Pseudodiaptomus marshi (MG449008.1) [n=3] | Mexico
Hap_11	Pseudodiaptomus marshi	MG449037.1	1	Mexico	Pseudodiaptomus marshi (MG449037.1) [n=1] | Mexico
Hap_12	Pseudodiaptomus marshi	MG449041.1	2	Mexico	Pseudodiaptomus marshi (MG449041.1) [n=2] | Mexico
Hap_13	Pseudodiaptomus marshi	MG449083.1	1	Mexico	Pseudodiaptomus marshi (MG449083.1) [n=1] | Mexico
Hap_14	Pseudodiaptomus marshi	MG449121.1	1	Mexico	Pseudodiaptomus marshi (MG449121.1) [n=1] | Mexico
Hap_15	Pseudodiaptomus marshi	MG449139.1	1	Mexico	Pseudodiaptomus marshi (MG449139.1) [n=1] | Mexico
Hap_16	Pseudodiaptomus marshi	MG449202.1	1	Mexico	Pseudodiaptomus marshi (MG449202.1) [n=1] | Mexico
Hap_17	Pseudodiaptomus marshi	MG449366.1	3	Mexico	Pseudodiaptomus marshi (MG449366.1) [n=3] | Mexico
Hap_18	Pseudodiaptomus marshi	MG449378.1	1	Mexico	Pseudodiaptomus marshi (MG449378.1) [n=1] | Mexico
Hap_19	Pseudodiaptomus marshi	MG449417.1	1	Mexico	Pseudodiaptomus marshi (MG449417.1) [n=1] | Mexico
Hap_20	Pseudodiaptomus marshi	MG449435.1	1	Mexico	Pseudodiaptomus marshi (MG449435.1) [n=1] | Mexico
Hap_21	Pseudodiaptomus marshi	MG449486.1	1	Mexico	Pseudodiaptomus marshi (MG449486.1) [n=1] | Mexico
Hap_22	Pseudodiaptomus marshi	MG449895.1	1	Mexico	Pseudodiaptomus marshi (MG449895.1) [n=1] | Mexico
Hap_23	Pseudodiaptomus marshi	MG449989.1	1	Mexico	Pseudodiaptomus marshi (MG449989.1) [n=1] | Mexico
Hap_24	Pseudodiaptomus marshi	MG450036.1	1	Mexico	Pseudodiaptomus marshi (MG450036.1) [n=1] | Mexico
Hap_25	Pseudodiaptomus marshi	MG450054.1	1	Mexico	Pseudodiaptomus marshi (MG450054.1) [n=1] | Mexico
Hap_26	Pseudodiaptomus marshi	MG450091.1	1	Mexico	Pseudodiaptomus marshi (MG450091.1) [n=1] | Mexico
Hap_27	Pseudodiaptomus marshi	MG450166.1	1	Mexico	Pseudodiaptomus marshi (MG450166.1) [n=1] | Mexico
Hap_28	Pseudodiaptomus marshi	MG450265.1	1	Mexico	Pseudodiaptomus marshi (MG450265.1) [n=1] | Mexico
Hap_29	Pseudodiaptomus koreanus	JX502994.1	1	South Korea	Pseudodiaptomus koreanus (JX502994.1) [n=1] | South Korea
Hap_30	Pseudodiaptomus koreanus	JX502995.1	1	South Korea	Pseudodiaptomus koreanus (JX502995.1) [n=1] | South Korea
Hap_31	Pseudodiaptomus koreanus	JX502996.1	1	South Korea	Pseudodiaptomus koreanus (JX502996.1) [n=1] | South Korea
Hap_32	Pseudodiaptomus annandalei	KU613358.1	1	India	Pseudodiaptomus annandalei (KU613358.1) [n=1] | India
Hap_33	Pseudodiaptomus poplesia	KF977324.1	2	China	Pseudodiaptomus poplesia (KF977324.1) [n=2] | China
Hap_34	Pseudodiaptomus tollingerae	KU891812.1	3	India	Pseudodiaptomus tollingerae (KU891812.1) [n=3] | India
Hap_35	Pseudodiaptomus malayalus	KU198393.1	9	India	Pseudodiaptomus malayalus (KU198393.1) [n=9] | India
Hap_36	Pseudodiaptomus zhengi	MH480653.1	2	China	Pseudodiaptomus zhengi (MH480653.1) [n=2] | China
Hap_37	Pseudodiaptomus zhengi	MH480654.1	1	China	Pseudodiaptomus zhengi (MH480654.1) [n=1] | China
Hap_38	Pseudodiaptomus zhengi	MH480655.1	1	China	Pseudodiaptomus zhengi (MH480655.1) [n=1] | China
Hap_39	Pseudodiaptomus zhengi	MH480656.1	2	China	Pseudodiaptomus zhengi (MH480656.1) [n=2] | China
Hap_40	Pseudodiaptomus zhengi	MH480657.1	1	China	Pseudodiaptomus zhengi (MH480657.1) [n=1] | China
Hap_41	Pseudodiaptomus nansei	AB576157.1	1	Japan	Pseudodiaptomus nansei (AB576157.1) [n=1] | Japan
Hap_42	Pseudodiaptomus ishigakiensis	AB576158.1	1	Japan	Pseudodiaptomus ishigakiensis (AB576158.1) [n=1] | Japan
Hap_43	Pseudodiaptomus forbesi	MG544179.1	1	China	Pseudodiaptomus forbesi (MG544179.1) [n=1] | China
Hap_44	Pseudodiaptomus forbesi	MG544180.1	1	China	Pseudodiaptomus forbesi (MG544180.1) [n=1] | China
Hap_45	Pseudodiaptomus forbesi	MG544181.1	2	China	Pseudodiaptomus forbesi (MG544181.1) [n=2] | China
Hap_46	Pseudodiaptomus forbesi	MG544182.1	1	China	Pseudodiaptomus forbesi (MG544182.1) [n=1] | China
Hap_47	Pseudodiaptomus forbesi	MG544183.1	1	China	Pseudodiaptomus forbesi (MG544183.1) [n=1] | China
Hap_48	Pseudodiaptomus forbesi	MG544184.1	1	China	Pseudodiaptomus forbesi (MG544184.1) [n=1] | China
Hap_49	Pseudodiaptomus forbesi	MG544185.1	1	China	Pseudodiaptomus forbesi (MG544185.1) [n=1] | China
Hap_50	Pseudodiaptomus forbesi	MG544186.1	1	China	Pseudodiaptomus forbesi (MG544186.1) [n=1] | China
Hap_51	Pseudodiaptomus sheni	MH548372.1	1	China	Pseudodiaptomus sheni (MH548372.1) [n=1] | China
Hap_52	Pseudodiaptomus sheni	MH548373.1	1	China	Pseudodiaptomus sheni (MH548373.1) [n=1] | China
Hap_53	Pseudodiaptomus sheni	MH548374.1	1	China	Pseudodiaptomus sheni (MH548374.1) [n=1] | China
Hap_54	Pseudodiaptomus sheni	MH548375.1	1	China	Pseudodiaptomus sheni (MH548375.1) [n=1] | China
Hap_55	Pseudodiaptomus sheni	MH548376.1	1	China	Pseudodiaptomus sheni (MH548376.1) [n=1] | China
Hap_56	Pseudodiaptomus sheni	MH548377.1	1	China	Pseudodiaptomus sheni (MH548377.1) [n=1] | China
Hap_57	Pseudodiaptomus sheni	MH548378.1	1	China	Pseudodiaptomus sheni (MH548378.1) [n=1] | China
Hap_58	Pseudodiaptomus sheni	MH548379.1	1	China	Pseudodiaptomus sheni (MH548379.1) [n=1] | China
Hap_59	Pseudodiaptomus sheni	MH548380.1	1	China	Pseudodiaptomus sheni (MH548380.1) [n=1] | China
Hap_60	Pseudodiaptomus sheni	MH548381.1	1	China	Pseudodiaptomus sheni (MH548381.1) [n=1] | China
Hap_61	Pseudodiaptomus sheni	MH548382.1	1	China	Pseudodiaptomus sheni (MH548382.1) [n=1] | China
Hap_62	Pseudodiaptomus poplesia	MH548383.1	1	China	Pseudodiaptomus poplesia (MH548383.1) [n=1] | China
Hap_63	Pseudodiaptomus poplesia	MH548384.1	1	China	Pseudodiaptomus poplesia (MH548384.1) [n=1] | China
Hap_64	Pseudodiaptomus poplesia	MH548385.1	1	China	Pseudodiaptomus poplesia (MH548385.1) [n=1] | China
Hap_65	Pseudodiaptomus poplesia	MH548386.1	1	China	Pseudodiaptomus poplesia (MH548386.1) [n=1] | China
Hap_66	Pseudodiaptomus poplesia	MH548387.1	1	China	Pseudodiaptomus poplesia (MH548387.1) [n=1] | China
Hap_67	Pseudodiaptomus marshi	MG450070.1	1	Mexico	Pseudodiaptomus marshi (MG450070.1) [n=1] | Mexico
Hap_68	Pseudodiaptomus inopinus	AF536520.1	2	South Korea	Pseudodiaptomus inopinus (AF536520.1) [n=2] | South Korea
Hap_69	Pseudodiaptomus poplesia	AF536521.1	1	South Korea	Pseudodiaptomus poplesia (AF536521.1) [n=1] | South Korea
Hap_70	Pseudodiaptomus marinus	AY145436.1	1	South Korea	Pseudodiaptomus marinus (AY145436.1) [n=1] | South Korea
Hap_71	Pseudodiaptomus koreanus	DQ243988.1	2	South Korea	Pseudodiaptomus koreanus (DQ243988.1) [n=2] | South Korea
Hap_72	Pseudodiaptomus cf	AB576159.1	1	South Korea	Pseudodiaptomus cf (AB576159.1) [n=1] | South Korea
Hap_73	Pseudodiaptomus koreanus	JQ714037.1	1	South Korea	Pseudodiaptomus koreanus (JQ714037.1) [n=1] | South Korea
Hap_74	Pseudodiaptomus koreanus	JQ714038.1	1	South Korea	Pseudodiaptomus koreanus (JQ714038.1) [n=1] | South Korea
Hap_75	Pseudodiaptomus koreanus	JQ714039.1	1	South Korea	Pseudodiaptomus koreanus (JQ714039.1) [n=1] | South Korea
Hap_76	Pseudodiaptomus koreanus	JQ714040.1	1	South Korea	Pseudodiaptomus koreanus (JQ714040.1) [n=1] | South Korea
Hap_77	Pseudodiaptomus koreanus	JQ714041.1	1	South Korea	Pseudodiaptomus koreanus (JQ714041.1) [n=1] | South Korea
Hap_78	Pseudodiaptomus koreanus	JQ714042.1	1	South Korea	Pseudodiaptomus koreanus (JQ714042.1) [n=1] | South Korea
Hap_79	Pseudodiaptomus koreanus	JQ714043.1	1	South Korea	Pseudodiaptomus koreanus (JQ714043.1) [n=1] | South Korea
Hap_80	Pseudodiaptomus koreanus	JQ714044.1	1	South Korea	Pseudodiaptomus koreanus (JQ714044.1) [n=1] | South Korea
Hap_81	Pseudodiaptomus koreanus	JQ714045.1	1	South Korea	Pseudodiaptomus koreanus (JQ714045.1) [n=1] | South Korea
Hap_82	Pseudodiaptomus koreanus	JQ714046.1	1	South Korea	Pseudodiaptomus koreanus (JQ714046.1) [n=1] | South Korea
Hap_83	Pseudodiaptomus koreanus	JQ714047.1	1	South Korea	Pseudodiaptomus koreanus (JQ714047.1) [n=1] | South Korea
Hap_84	Pseudodiaptomus koreanus	JQ714048.1	1	South Korea	Pseudodiaptomus koreanus (JQ714048.1) [n=1] | South Korea
Hap_85	Pseudodiaptomus koreanus	JQ714049.1	1	South Korea	Pseudodiaptomus koreanus (JQ714049.1) [n=1] | South Korea
Hap_86	Pseudodiaptomus koreanus	JQ714050.1	1	South Korea	Pseudodiaptomus koreanus (JQ714050.1) [n=1] | South Korea
Hap_87	Pseudodiaptomus koreanus	JQ714051.1	1	South Korea	Pseudodiaptomus koreanus (JQ714051.1) [n=1] | South Korea
Hap_88	Pseudodiaptomus koreanus	JQ714052.1	1	South Korea	Pseudodiaptomus koreanus (JQ714052.1) [n=1] | South Korea
Hap_89	Pseudodiaptomus koreanus	JQ714053.1	1	South Korea	Pseudodiaptomus koreanus (JQ714053.1) [n=1] | South Korea
Hap_90	Pseudodiaptomus koreanus	JQ714054.1	1	South Korea	Pseudodiaptomus koreanus (JQ714054.1) [n=1] | South Korea
Hap_91	Pseudodiaptomus inopinus	JQ714055.1	1	Japan	Pseudodiaptomus inopinus (JQ714055.1) [n=1] | Japan
Hap_92	Pseudodiaptomus inopinus	JQ714056.1	1	Japan	Pseudodiaptomus inopinus (JQ714056.1) [n=1] | Japan
Hap_93	Pseudodiaptomus binghami	KY629000.1	5	India	Pseudodiaptomus binghami (KY629000.1) [n=5] | India
Hap_94	Pseudodiaptomus annandalei	KU672399.1	3	India	Pseudodiaptomus annandalei (KU672399.1) [n=3] | India
Hap_95	Pseudodiaptomus mertoni	KU587440.1	3	India	Pseudodiaptomus mertoni (KU587440.1) [n=3] | India
Hap_96	Pseudodiaptomus marshi	MG448839.1	1	Mexico	Pseudodiaptomus marshi (MG448839.1) [n=1] | Mexico
Hap_97	Pseudodiaptomus annandalei	KT149371.1	1	India	Pseudodiaptomus annandalei (KT149371.1) [n=1] | India
Hap_98	Pseudodiaptomus inopinus	KR048953.1	1	South Korea	Pseudodiaptomus inopinus (KR048953.1) [n=1] | South Korea
Hap_99	Pseudodiaptomus inopinus	KR048954.1	1	South Korea	Pseudodiaptomus inopinus (KR048954.1) [n=1] | South Korea
Hap_100	Pseudodiaptomus inopinus	KR048955.1	1	South Korea	Pseudodiaptomus inopinus (KR048955.1) [n=1] | South Korea
Hap_101	Pseudodiaptomus marinus	KR048956.1	1	South Korea	Pseudodiaptomus marinus (KR048956.1) [n=1] | South Korea
Hap_102	Pseudodiaptomus marinus	KR048957.1	1	South Korea	Pseudodiaptomus marinus (KR048957.1) [n=1] | South Korea
Hap_103	Pseudodiaptomus marinus	KR048958.1	1	South Korea	Pseudodiaptomus marinus (KR048958.1) [n=1] | South Korea
Hap_104	Pseudodiaptomus nihonkaiensis	KR048959.1	1	South Korea	Pseudodiaptomus nihonkaiensis (KR048959.1) [n=1] | South Korea
Hap_105	Pseudodiaptomus marinus	KM879190.1	1	Spain	Pseudodiaptomus marinus (KM879190.1) [n=1] | Spain
Hap_106	Pseudodiaptomus marinus	000000000.0	3	Greece, Spain	Pseudodiaptomus marinus (000000000.0) [n=3] | Greece, Spain
Hap_107	Pseudodiaptomus marinus	KM879193.1	1	Spain	Pseudodiaptomus marinus (KM879193.1) [n=1] | Spain
Hap_108	Pseudodiaptomus serricaudatus	KX100481.1	4	India	Pseudodiaptomus serricaudatus (KX100481.1) [n=4] | India
Hap_109	Pseudodiaptomus marshi	MG449508.1	1	Mexico	Pseudodiaptomus marshi (MG449508.1) [n=1] | Mexico
Hap_110	Skistodiaptomus reighardi	OP830261.1	1	United States	Skistodiaptomus reighardi (OP830261.1) [n=1] | United States
