x;;
MG450194.1;Pseudodiaptomus marshi;Bacalar Lake, Mexico 1
MG449008.1;Pseudodiaptomus marshi;Bacalar Lake, Mexico 2
MG449037.1;Pseudodiaptomus marshi;Bacalar Lake, Mexico 3
MG450298.1;Pseudodiaptomus marshi;Bacalar Lake, Mexico 4
MG450091.1;Pseudodiaptomus marshi;Bacalar Lake, Mexico 5
MG449895.1;Pseudodiaptomus marshi;Bacalar Lake, Mexico 6
MG449417.1;Pseudodiaptomus marshi;Bacalar Lake, Mexico 7
MG448720.1;Pseudodiaptomus marshi;Bacalar Lake, Mexico 8
MG450054.1;Pseudodiaptomus marshi;Bacalar Lake, Mexico 9
MG449486.1;Pseudodiaptomus marshi;Bacalar Lake, Mexico 10
MG449366.1;Pseudodiaptomus marshi;Bacalar Lake, Mexico 11
MG449770.1;Pseudodiaptomus marshi;Bacalar Lake, Mexico 12
MG448614.1;Pseudodiaptomus marshi;Bacalar Lake, Mexico 13
MG450036.1;Pseudodiaptomus marshi;Bacalar Lake, Mexico 14
MG449378.1;Pseudodiaptomus marshi;Bacalar Lake, Mexico 15
MG448887.1;Pseudodiaptomus marshi;Bacalar Lake, Mexico 16
MG449121.1;Pseudodiaptomus marshi;Bacalar Lake, Mexico 17
MG448839.1;Pseudodiaptomus marshi;Bacalar Lake, Mexico 18
MG450070.1;Pseudodiaptomus marshi;Bacalar Lake, Mexico 19
MG450166.1;Pseudodiaptomus marshi;Bacalar Lake, Mexico 20
MG449202.1;Pseudodiaptomus marshi;Bacalar Lake, Mexico 21
MG449989.1;Pseudodiaptomus marshi;Bacalar Lake, Mexico 22
MG449139.1;Pseudodiaptomus marshi;Bacalar Lake, Mexico 23
MG449387.1;Pseudodiaptomus marshi;Bacalar Lake, Mexico 24
MG449041.1;Pseudodiaptomus marshi;Bacalar Lake, Mexico 25
MG449435.1;Pseudodiaptomus marshi;Bacalar Lake, Mexico 26
MG450265.1;Pseudodiaptomus marshi;Bacalar Lake, Mexico 27
MG448979.1;Pseudodiaptomus marshi;Bacalar Lake, Mexico 28
MG449083.1;Pseudodiaptomus marshi;Bacalar Lake, Mexico 29
MG449508.1;Pseudodiaptomus marshi;Bacalar Lake, Mexico 30
MG448774.1;Pseudodiaptomus marshi;Bacalar Lake, Mexico 31
MG448944.1;Pseudodiaptomus marshi;Bacalar Lake, Mexico 32
KM879191.1;Pseudodiaptomus marinus;Bilbao Estuary, Spain 1
000000000.0;Pseudodiaptomus marinus;Thessaloniki Bay- Greece
KM879192.1;Pseudodiaptomus marinus;Bilbao Estuary, Spain 2
KM879193.1;Pseudodiaptomus marinus;Bilbao Estuary, Spain 3
KR048957.1;Pseudodiaptomus marinus;Korea 1
ON954758.1;Pseudodiaptomus marinus;Hadera, Israel 1
KM879190.1;Pseudodiaptomus marinus;Bilbao Estuary, Spain 4
KT209405.1;Pseudodiaptomus marinus;Wilhelmshaven, North Sea 1
ON954759.1;Pseudodiaptomus marinus;Hadera, Israel 1
KT208716.1;Pseudodiaptomus marinus;Wilhelmshaven, North Sea 2
KR048958.1;Pseudodiaptomus marinus;Korea 2
AY145436.1;;
KR048956.1;;
MH480659.1;;
MH480656.1;;
MH480654.1;;
MH480658.1;;
MH480653.1;;
MH480657.1;;
MH480655.1;;
MK359133.1;;
MK359132.1;;
MK359131.1;;
KX100481.1;;
AB576158.1;;
KR048959.1;;
AF536519.1;;
KX090446.1;;
KU587440.1;;
KU587441.1;;
AB576157.1;;
KU587447.1;;
KU587446.1;;
KU198394.1;;
KU891816.1;;
KU587443.1;;
KU587445.1;;
KU587442.1;;
KU587444.1;;
KU198393.1;;
KU891814.1;;
KU891812.1;;
KU891813.1;;
MH548387.1;;
MH548386.1;;
MH548384.1;;
MH548385.1;;
AF536521.1;;
MH548383.1;;
MH548378.1;;
MH548376.1;;
MH548373.1;;
MH548375.1;;
MH548372.1;;
MH548381.1;;
MH548379.1;;
MH548380.1;;
KF977325.1;;
KF977324.1;;
MH548382.1;;
MH548374.1;;
MH548377.1;;
JQ714036.1;;
DQ243988.1;;
JQ714039.1;;
JQ714040.1;;
JQ714048.1;;
JQ714037.1;;
JX502996.1;;
JX502994.1;;
JX502995.1;;
KR048953.1;;
KR048955.1;;
AB576159.1;;
JQ714047.1;;
JQ714044.1;;
JQ714042.1;;
JQ714038.1;;
JQ714052.1;;
JQ714046.1;;
JQ714051.1;;
JQ714045.1;;
KR048954.1;;
JQ714043.1;;
JQ714054.1;;
JQ714041.1;;
JQ714050.1;;
JQ714049.1;;
JQ714053.1;;
JQ714056.1;;
JQ714055.1;;
JQ714057.1;;
AF536520.1;;
KY091218.1;;
KY091217.1;;
MG544185.1;;
MG544183.1;;
MG544184.1;;
MH548388.1;;
MG544181.1;;
MG544180.1;;
MG544179.1;;
MG544182.1;;
KY091216.1;;
MG544186.1;;
KY514167.1;;
KY629000.1;;
KY514168.1;;
KY628999.1;;
KY628998.1;;
KU179279.1;;
KP068661.1;;
KU672399.1;;
KT149371.1;;
KU613358.1;;
JX458985.1;;
